"","X","individual.identifier","timestamp","location.lat","location.long"
"1",1,"Minnie","2020-12-15 07:01:20",32.21399,-111.047536
"2",2,"Minnie","2020-12-15 12:00:08",32.207693,-111.050742
"3",3,"Minnie","2020-12-15 18:00:09",32.215541,-111.04866
"4",4,"Minnie","2020-12-16 00:00:10",32.215693,-111.048829
"5",5,"Minnie","2020-12-16 06:00:08",32.212483,-111.04769
"6",6,"Minnie","2020-12-16 13:00:17",32.207892,-111.040204
"7",7,"Minnie","2020-12-16 19:00:09",32.208405,-111.037949
"8",8,"Minnie","2020-12-17 01:00:06",32.20565,-111.036148
"9",9,"Minnie","2020-12-17 07:00:14",32.208216,-111.039762
"10",10,"Minnie","2020-12-17 14:00:13",32.20774,-111.040309
"11",11,"Minnie","2020-12-17 20:00:09",32.206833,-111.042716
"12",12,"Minnie","2020-12-18 02:00:19",32.206318,-111.048668
"13",13,"Minnie","2020-12-18 08:00:06",32.213339,-111.047448
"14",14,"Minnie","2020-12-18 15:00:13",32.214544,-111.049871
"15",15,"Minnie","2020-12-18 21:00:13",32.215541,-111.048713
"16",16,"Minnie","2020-12-19 09:00:08",32.209356,-111.049489
"17",17,"Minnie","2020-12-20 04:00:10",32.206452,-111.039072
"18",18,"Minnie","2020-12-20 10:00:10",32.212306,-111.043606
"19",19,"Minnie","2020-12-20 17:00:08",32.214651,-111.046052
"20",20,"Minnie","2020-12-21 05:00:10",32.212685,-111.044793
"21",21,"Minnie","2020-12-21 18:00:08",32.208716,-111.049014
"22",22,"Minnie","2020-12-22 06:00:09",32.208642,-111.04663
"23",23,"Minnie","2020-12-22 11:01:36",32.207767,-111.040315
"24",24,"Minnie","2020-12-22 19:00:11",32.215553,-111.048582
"25",25,"Minnie","2020-12-23 07:00:11",32.210176,-111.045764
"26",26,"Minnie","2020-12-23 20:00:08",32.210143,-111.048573
"27",27,"Minnie","2020-12-24 08:00:18",32.21436,-111.047163
"28",28,"Minnie","2020-12-24 21:00:16",32.205711,-111.036189
"29",29,"Minnie","2020-12-25 09:00:11",32.21105,-111.047401
"30",30,"Minnie","2020-12-25 22:00:10",32.216006,-111.048782
"31",31,"Minnie","2020-12-26 10:00:16",32.210007,-111.046416
"32",32,"Minnie","2020-12-27 11:00:11",32.207803,-111.050752
"33",33,"Minnie","2020-12-28 00:00:12",32.212538,-111.047133
"34",34,"Minnie","2020-12-28 12:00:11",32.205616,-111.036821
"35",35,"Minnie","2020-12-29 01:00:06",32.207669,-111.050217
"36",36,"Minnie","2020-12-29 15:00:51",32.21414,-111.049488
"37",37,"Minnie","2020-12-30 02:00:14",32.20799,-111.047057
"38",38,"Minnie","2020-12-30 14:00:26",32.209847,-111.042943
"39",39,"Minnie","2020-12-31 03:00:20",32.204775,-111.036914
"40",40,"Minnie","2020-12-31 15:00:14",32.215567,-111.048688
"41",41,"Minnie","2021-01-01 04:00:14",32.213684,-111.048429
"42",42,"Minnie","2021-01-01 16:00:12",32.206598,-111.039571
"43",43,"Minnie","2021-01-02 05:00:08",32.21026,-111.049595
"44",44,"Minnie","2021-01-02 17:00:11",32.215576,-111.048591
"45",45,"Minnie","2021-01-03 06:00:11",32.215586,-111.048697
"46",46,"Minnie","2021-01-03 18:00:09",32.212786,-111.047662
"47",47,"Minnie","2021-01-04 07:00:15",32.210838,-111.041785
"48",48,"Minnie","2021-01-04 19:00:10",32.211047,-111.047297
"49",49,"Minnie","2021-01-05 08:00:08",32.214034,-111.047194
"50",50,"Minnie","2021-01-05 19:01:30",32.21105,-111.047375
"51",51,"Minnie","2021-01-05 20:00:04",32.211058,-111.047295
"52",52,"Minnie","2021-01-06 09:00:07",32.210574,-111.041166
"53",53,"Minnie","2021-01-06 21:00:25",32.205786,-111.036063
"54",54,"Minnie","2021-01-07 10:00:13",32.209412,-111.049648
"55",55,"Minnie","2021-01-08 11:00:13",32.207433,-111.038121
"56",56,"Minnie","2021-01-08 23:00:24",32.210983,-111.047299
"57",57,"Minnie","2021-01-09 12:00:25",32.213015,-111.043296
"58",58,"Minnie","2021-01-10 13:00:16",32.21162,-111.048425
"59",59,"Minnie","2021-01-11 01:00:06",32.214994,-111.049767
"60",60,"Minnie","2021-01-11 14:00:14",32.207004,-111.042905
"61",61,"Minnie","2021-01-12 02:00:14",32.214027,-111.046018
"62",62,"Minnie","2021-01-12 15:00:11",32.21203,-111.046722
"63",63,"Minnie","2021-01-12 23:00:37",32.212188,-111.044886
"64",64,"Minnie","2021-01-13 03:00:08",32.211006,-111.047273
"65",65,"Minnie","2021-01-13 16:00:09",32.209712,-111.049679
"66",66,"Minnie","2021-01-14 04:00:22",32.214923,-111.049993
"67",67,"Minnie","2021-01-14 17:00:09",32.214341,-111.044787
"68",68,"Minnie","2021-01-15 05:00:08",32.214143,-111.052228
"69",69,"Minnie","2021-01-15 18:00:09",32.212753,-111.048464
"70",70,"Minnie","2021-01-16 19:00:10",32.214197,-111.046583
"71",71,"Minnie","2021-01-17 07:00:15",32.209362,-111.047083
"72",72,"Minnie","2021-01-18 08:00:09",32.212324,-111.048802
"73",73,"Minnie","2021-01-19 09:00:07",32.207932,-111.049791
"74",74,"Minnie","2021-01-19 22:00:16",32.205939,-111.036222
"75",75,"Minnie","2021-01-20 03:00:40",32.205761,-111.036152
"76",76,"Minnie","2021-01-20 10:00:08",32.20624,-111.038386
"77",77,"Minnie","2021-01-20 23:00:13",32.208378,-111.049516
"78",78,"Minnie","2021-01-22 00:00:24",32.206789,-111.048697
"79",79,"Minnie","2021-01-23 01:00:21",32.215527,-111.048642
"80",80,"Minnie","2021-01-23 13:00:16",32.214155,-111.046611
"81",81,"Minnie","2021-01-24 14:00:13",32.207251,-111.039241
"82",82,"Minnie","2021-01-25 03:00:10",32.209005,-111.049319
"83",83,"Minnie","2021-01-25 15:00:09",32.207721,-111.047122
"84",84,"Minnie","2021-01-26 16:00:23",32.211955,-111.0448
"85",85,"Minnie","2021-01-27 05:00:06",32.214841,-111.050185
"86",86,"Minnie","2021-01-27 07:00:37",32.212284,-111.047117
"87",87,"Minnie","2021-01-27 17:00:15",32.214458,-111.049971
"88",88,"Minnie","2021-01-28 06:00:08",32.210277,-111.047373
"89",89,"Minnie","2021-01-28 18:00:10",32.207524,-111.045436
"90",90,"Minnie","2021-01-29 07:00:09",32.20775,-111.047043
"91",91,"Minnie","2021-01-29 19:00:11",32.205743,-111.03798
"92",92,"Minnie","2021-01-30 08:00:08",32.212943,-111.048137
"93",93,"Minnie","2021-01-30 20:00:08",32.212265,-111.047719
"94",94,"Minnie","2021-01-31 09:00:07",32.207114,-111.042919
"95",95,"Minnie","2021-01-31 21:00:21",32.218133,-111.054653
"96",96,"Minnie","2021-02-01 10:00:09",32.209062,-111.047385
"97",97,"Minnie","2021-02-01 22:00:10",32.208848,-111.044135
"98",98,"Minnie","2021-02-02 11:00:11",32.212366,-111.047693
"99",99,"Minnie","2021-02-03 11:01:11",32.212123,-111.046774
"100",100,"Minnie","2021-02-03 12:00:11",32.214045,-111.047396
"101",101,"Minnie","2021-02-04 00:00:14",32.208551,-111.044172
"102",102,"Minnie","2021-02-04 13:00:14",32.21084,-111.044423
"103",103,"Minnie","2021-02-05 01:00:09",32.206815,-111.047675
"104",104,"Minnie","2021-02-05 14:00:08",32.209211,-111.047184
"105",105,"Minnie","2021-02-06 02:00:12",32.207469,-111.046646
"106",106,"Minnie","2021-02-06 15:00:08",32.214398,-111.049622
"107",107,"Minnie","2021-02-08 04:00:17",32.204804,-111.038077
"108",108,"Minnie","2021-02-08 17:00:09",32.208247,-111.044522
"109",109,"Minnie","2021-02-09 05:00:10",32.209929,-111.049605
"110",110,"Minnie","2021-02-09 18:00:18",32.210607,-111.046133
"111",111,"Minnie","2021-02-10 06:00:14",32.21293,-111.0503
"112",112,"Minnie","2021-02-10 15:00:37",32.208754,-111.047729
"113",113,"Minnie","2021-02-10 19:00:08",32.206041,-111.044795
"114",114,"Minnie","2021-02-11 07:00:24",32.205727,-111.037115
"115",115,"Minnie","2021-02-11 20:00:21",32.205007,-111.037177
"116",116,"Minnie","2021-02-12 08:00:11",32.204598,-111.037207
"117",117,"Minnie","2021-02-12 21:00:08",32.215568,-111.048698
"118",118,"Minnie","2021-02-13 09:00:18",32.206958,-111.046675
"119",119,"Minnie","2021-02-13 22:00:24",32.206692,-111.048677
"120",120,"Minnie","2021-02-14 10:00:12",32.209696,-111.04847
"121",121,"Minnie","2021-02-14 23:00:11",32.212387,-111.046245
"122",122,"Minnie","2021-02-16 00:00:15",32.205769,-111.036145
"123",123,"Minnie","2021-02-16 12:00:15",32.208121,-111.040443
"124",124,"Minnie","2021-02-17 01:00:14",32.206836,-111.047696
"125",125,"Minnie","2021-02-17 13:00:10",32.214203,-111.049942
"126",126,"Minnie","2021-02-17 19:02:18",32.208733,-111.044446
"127",127,"Minnie","2021-02-18 02:00:09",32.206932,-111.04745
"128",128,"Minnie","2021-02-18 14:00:10",32.205457,-111.037943
"129",129,"Minnie","2021-02-19 03:00:10",32.215431,-111.048521
"130",130,"Minnie","2021-02-19 15:00:08",32.20826,-111.045848
"131",131,"Minnie","2021-02-20 16:00:08",32.206067,-111.04478
"132",132,"Minnie","2021-02-21 05:00:11",32.205745,-111.03623
"133",133,"Minnie","2021-02-21 17:00:09",32.208366,-111.046904
"134",134,"Minnie","2021-02-22 06:00:13",32.217462,-111.053969
"135",135,"Minnie","2021-02-22 18:00:08",32.213824,-111.047926
"136",136,"Minnie","2021-02-23 07:00:18",32.215166,-111.046751
"137",137,"Minnie","2021-02-23 19:00:07",32.214833,-111.055048
"138",138,"Minnie","2021-02-24 08:00:07",32.211632,-111.045442
"139",139,"Minnie","2021-02-24 20:00:12",32.20978,-111.043997
"140",140,"Minnie","2021-02-24 23:00:43",32.2106,-111.047096
"141",141,"Minnie","2021-02-25 21:00:12",32.208609,-111.045847
"142",142,"Minnie","2021-02-26 10:00:23",32.210642,-111.044754
"143",143,"Minnie","2021-02-26 22:00:14",32.212325,-111.046355
"144",144,"Minnie","2021-02-27 11:00:16",32.215524,-111.047997
"145",145,"Minnie","2021-02-27 23:00:09",32.21009,-111.042272
"146",146,"Minnie","2021-02-28 12:00:12",32.207807,-111.041096
"147",147,"Minnie","2021-03-01 00:00:15",32.203962,-111.036324
"148",148,"Minnie","2021-03-01 13:00:08",32.209622,-111.044738
"149",149,"Minnie","2021-03-02 14:00:13",32.207087,-111.04515
"150",150,"Minnie","2021-03-03 02:00:25",32.205603,-111.03625
"151",151,"Minnie","2021-03-03 15:00:08",32.213142,-111.055518
"152",152,"Minnie","2021-03-04 03:01:59",32.204699,-111.041388
"153",153,"Minnie","2021-03-04 16:00:11",32.208819,-111.055409
"154",154,"Minnie","2021-03-05 04:00:09",32.207227,-111.04644
"155",155,"Minnie","2021-03-05 17:00:10",32.20974,-111.043296
"156",156,"Minnie","2021-03-06 05:00:10",32.20872,-111.048923
"157",157,"Minnie","2021-03-06 18:00:11",32.209319,-111.045806
"158",158,"Minnie","2021-03-07 06:00:10",32.213989,-111.051285
"159",159,"Minnie","2021-03-07 19:00:09",32.206788,-111.048568
"160",160,"Minnie","2021-03-08 07:00:17",32.207047,-111.047555
"161",161,"Minnie","2021-03-08 20:00:10",32.212424,-111.046269
"162",162,"Minnie","2021-03-09 08:00:26",32.2111,-111.045534
"163",163,"Minnie","2021-03-10 22:00:11",32.204715,-111.041705
"164",164,"Minnie","2021-03-11 07:00:43",32.206169,-111.042987
"165",165,"Minnie","2021-03-11 10:00:26",32.212173,-111.043864
"166",166,"Minnie","2021-03-12 11:00:09",32.207935,-111.052443
"167",167,"Minnie","2021-03-13 12:00:16",32.212597,-111.046866
"168",168,"Minnie","2021-03-14 01:00:11",32.209955,-111.053736
"169",169,"Minnie","2021-03-14 13:00:11",32.205315,-111.036496
"170",170,"Minnie","2021-03-15 02:00:19",32.204751,-111.041214
"171",171,"Minnie","2021-03-15 14:00:06",32.214517,-111.046231
"172",172,"Minnie","2021-03-16 03:00:09",32.206627,-111.045465
"173",173,"Minnie","2021-03-16 09:00:16",32.209618,-111.043922
"174",174,"Minnie","2021-03-16 15:00:04",32.206822,-111.042834
"175",175,"Minnie","2021-03-16 21:00:15",32.215861,-111.048338
"176",176,"Minnie","2021-03-17 04:00:09",32.215554,-111.048589
"177",177,"Minnie","2021-03-17 10:00:13",32.208097,-111.048218
"178",178,"Minnie","2021-03-17 16:00:10",32.21187,-111.047982
"179",179,"Minnie","2021-03-18 05:00:06",32.20808,-111.040464
"180",180,"Minnie","2021-03-18 11:00:49",32.209538,-111.04378
"181",181,"Minnie","2021-03-18 17:00:07",32.214003,-111.04669
"182",182,"Minnie","2021-03-18 23:00:10",32.215606,-111.048635
"183",183,"Minnie","2021-03-19 06:00:25",32.214247,-111.051216
"184",184,"Minnie","2021-03-19 12:00:09",32.212089,-111.043708
"185",185,"Minnie","2021-03-19 18:00:18",32.204036,-111.03774
"186",186,"Minnie","2021-03-20 00:00:16",32.204457,-111.039332
"187",187,"Minnie","2021-03-20 07:00:09",32.204572,-111.037234
"188",188,"Minnie","2021-03-20 13:00:16",32.205387,-111.04016
"189",189,"Minnie","2021-03-20 19:00:09",32.20656,-111.049035
"190",190,"Minnie","2021-03-21 01:00:17",32.204805,-111.040872
"191",191,"Minnie","2021-03-21 08:00:24",32.207722,-111.044614
"192",192,"Minnie","2021-03-21 14:00:09",32.210714,-111.04181
"193",193,"Minnie","2021-03-21 20:00:16",32.202011,-111.038205
"194",194,"Minnie","2021-03-22 09:00:07",32.208438,-111.040125
"195",195,"Minnie","2021-03-22 15:00:09",32.215405,-111.048217
"196",196,"Minnie","2021-03-22 21:00:07",32.204707,-111.040996
"197",197,"Minnie","2021-03-23 03:00:08",32.204799,-111.040868
"198",198,"Minnie","2021-03-23 10:00:24",32.203696,-111.034961
"199",199,"Minnie","2021-03-23 22:00:10",32.212498,-111.046379
"200",200,"Minnie","2021-03-24 04:00:13",32.212395,-111.04622
"201",201,"Minnie","2021-03-24 11:00:08",32.207347,-111.049284
"202",202,"Minnie","2021-03-24 17:00:06",32.21011,-111.042096
"203",203,"Minnie","2021-03-24 23:00:12",32.205791,-111.036133
"204",204,"Minnie","2021-03-25 05:00:07",32.20589,-111.036239
"205",205,"Minnie","2021-03-25 12:00:24",32.215723,-111.048728
"206",206,"Minnie","2021-03-25 15:00:37",32.212928,-111.055239
"207",207,"Minnie","2021-03-25 18:00:09",32.212266,-111.047475
"208",208,"Minnie","2021-03-26 00:00:26",32.203488,-111.036945
"209",209,"Minnie","2021-03-26 06:00:09",32.203475,-111.036881
"210",210,"Minnie","2021-03-26 13:00:11",32.201993,-111.034949
"211",211,"Minnie","2021-03-26 19:00:08",32.204778,-111.038352
"212",212,"Minnie","2021-03-27 01:00:09",32.204337,-111.039916
"213",213,"Minnie","2021-03-27 14:00:14",32.202374,-111.04297
"214",214,"Minnie","2021-03-27 20:00:10",32.205661,-111.040907
"215",215,"Minnie","2021-03-28 02:00:10",32.204719,-111.040986
"216",216,"Minnie","2021-03-28 08:00:20",32.20812,-111.04759
"217",217,"Minnie","2021-03-28 15:00:09",32.206153,-111.051282
"218",218,"Minnie","2021-03-28 21:00:26",32.205773,-111.036132
"219",219,"Minnie","2021-03-29 09:00:15",32.205522,-111.033232
"220",220,"Minnie","2021-03-29 16:00:10",32.201159,-111.036934
"221",221,"Minnie","2021-03-29 22:00:21",32.205695,-111.036278
"222",222,"Minnie","2021-03-30 04:00:14",32.204442,-111.034497
"223",223,"Minnie","2021-03-30 10:00:20",32.203856,-111.032428
"224",224,"Minnie","2021-03-30 17:00:07",32.213158,-111.045388
"225",225,"Minnie","2021-03-30 23:00:20",32.219489,-111.055154
"226",226,"Minnie","2021-03-31 05:00:25",32.219185,-111.055281
"227",227,"Minnie","2021-03-31 11:00:08",32.214315,-111.045971
"228",228,"Minnie","2021-03-31 18:00:23",32.205722,-111.036174
"229",229,"Minnie","2021-04-01 00:00:11",32.205613,-111.036225
"230",230,"Minnie","2021-04-01 12:00:10",32.202631,-111.03417
"231",231,"Minnie","2021-04-01 19:01:31",32.201105,-111.037354
"232",232,"Minnie","2021-04-02 01:00:14",32.204267,-111.038445
"233",233,"Minnie","2021-04-02 07:00:18",32.205146,-111.03736
"234",234,"Minnie","2021-04-02 13:00:08",32.208723,-111.04812
"235",235,"Minnie","2021-04-02 20:00:07",32.204909,-111.040766
"236",236,"Minnie","2021-04-03 02:00:10",32.208032,-111.038516
"237",237,"Minnie","2021-04-03 08:00:14",32.208165,-111.038717
"238",238,"Minnie","2021-04-03 14:00:09",32.207,-111.044837
"239",239,"Minnie","2021-04-03 21:00:09",32.205575,-111.036278
"240",240,"Minnie","2021-04-04 09:00:24",32.202474,-111.034942
"241",241,"Minnie","2021-04-04 15:00:10",32.205796,-111.039705
"242",242,"Minnie","2021-04-04 22:00:26",32.204259,-111.040687
"243",243,"Minnie","2021-04-05 10:00:08",32.210394,-111.045372
"244",244,"Minnie","2021-04-05 16:00:10",32.21165,-111.053752
"245",245,"Minnie","2021-04-05 23:00:24",32.218095,-111.053514
"246",246,"Minnie","2021-04-06 05:00:15",32.218744,-111.054291
"247",247,"Minnie","2021-04-06 11:00:12",32.215428,-111.0478
"248",248,"Minnie","2021-04-06 17:00:06",32.204787,-111.0378
"249",249,"Minnie","2021-04-07 12:00:09",32.202801,-111.033199
"250",250,"Minnie","2021-04-07 18:00:14",32.201703,-111.036706
"251",251,"Minnie","2021-04-08 13:00:08",32.20964,-111.0461
"252",252,"Minnie","2021-04-08 19:00:08",32.204399,-111.042277
"253",253,"Minnie","2021-04-08 23:01:04",32.204323,-111.040605
"254",254,"Minnie","2021-04-09 14:00:13",32.211742,-111.043117
"255",255,"Minnie","2021-04-09 20:00:10",32.218876,-111.053655
"256",256,"Minnie","2021-04-10 09:00:09",32.215304,-111.055708
"257",257,"Minnie","2021-04-10 15:00:09",32.207631,-111.042786
"258",258,"Minnie","2021-04-11 04:00:22",32.203645,-111.036825
"259",259,"Minnie","2021-04-11 10:00:12",32.202239,-111.033068
"260",260,"Minnie","2021-04-11 22:00:10",32.203989,-111.036711
"261",261,"Minnie","2021-04-12 11:00:11",32.207629,-111.044062
"262",262,"Minnie","2021-04-12 17:00:10",32.215619,-111.048065
"263",263,"Minnie","2021-04-12 23:00:07",32.218593,-111.053302
"264",264,"Minnie","2021-04-13 06:00:16",32.218578,-111.053228
"265",265,"Minnie","2021-04-13 12:00:07",32.212041,-111.045521
"266",266,"Minnie","2021-04-13 18:00:10",32.207722,-111.042244
"267",267,"Minnie","2021-04-14 07:00:17",32.207744,-111.040224
"268",268,"Minnie","2021-04-14 13:00:13",32.213581,-111.047619
"269",269,"Minnie","2021-04-14 19:00:10",32.204977,-111.041093
"270",270,"Minnie","2021-04-15 08:00:17",32.20483,-111.040786
"271",271,"Minnie","2021-04-15 14:00:12",32.203803,-111.035124
"272",272,"Minnie","2021-04-15 20:00:23",32.203687,-111.041413
"273",273,"Minnie","2021-04-16 03:01:07",32.204946,-111.043598
"274",274,"Minnie","2021-04-16 09:00:09",32.213669,-111.045491
"275",275,"Minnie","2021-04-16 15:00:12",32.206838,-111.042435
"276",276,"Minnie","2021-04-16 21:00:13",32.203459,-111.036886
"277",277,"Minnie","2021-04-17 10:00:08",32.206028,-111.044777
"278",278,"Minnie","2021-04-17 16:00:10",32.20699,-111.047443
"279",279,"Minnie","2021-04-17 22:00:14",32.215699,-111.048843
"280",280,"Minnie","2021-04-18 11:00:10",32.205891,-111.03807
"281",281,"Minnie","2021-04-18 17:00:08",32.207113,-111.039996
"282",282,"Minnie","2021-04-18 23:00:11",32.219188,-111.05494
"283",283,"Minnie","2021-04-19 12:00:14",32.209794,-111.048421
"284",284,"Minnie","2021-04-19 18:00:11",32.205495,-111.039367
"285",285,"Minnie","2021-04-20 00:00:14",32.204243,-111.040627
"286",286,"Minnie","2021-04-20 13:00:09",32.205733,-111.037991
"287",287,"Minnie","2021-04-20 19:00:12",32.209973,-111.047778
"288",288,"Minnie","2021-04-21 01:00:11",32.21176,-111.045398
"289",289,"Minnie","2021-04-21 07:00:24",32.210071,-111.048972
"290",290,"Minnie","2021-04-21 14:00:16",32.209808,-111.04635
"291",291,"Minnie","2021-04-22 08:00:13",32.205312,-111.039423
"292",292,"Minnie","2021-04-22 15:00:08",32.209586,-111.043077
"293",293,"Minnie","2021-04-23 03:00:14",32.203562,-111.037007
"294",294,"Minnie","2021-04-23 07:01:01",32.204023,-111.035112
"295",295,"Minnie","2021-04-23 09:00:10",32.201814,-111.035629
"296",296,"Minnie","2021-04-23 16:00:11",32.209826,-111.043895
"297",297,"Minnie","2021-04-23 22:00:26",32.212281,-111.044941
"298",298,"Minnie","2021-04-24 04:00:13",32.211818,-111.045571
"299",299,"Minnie","2021-04-24 10:00:08",32.210085,-111.040587
"300",300,"Minnie","2021-04-24 17:00:11",32.202361,-111.033309
"301",301,"Minnie","2021-04-24 23:00:14",32.203567,-111.036952
"302",302,"Minnie","2021-04-25 18:00:09",32.204283,-111.040981
"303",303,"Minnie","2021-04-26 00:00:09",32.20423,-111.040448
"304",304,"Minnie","2021-04-26 12:00:08",32.199354,-111.033161
"305",305,"Minnie","2021-04-26 19:00:09",32.207988,-111.038676
"306",306,"Minnie","2021-04-27 01:00:25",32.204167,-111.040298
"307",307,"Minnie","2021-04-27 07:00:15",32.206654,-111.037977
"308",308,"Minnie","2021-04-27 13:00:10",32.211458,-111.045961
"309",309,"Minnie","2021-04-27 20:00:08",32.21147,-111.055628
"310",310,"Minnie","2021-04-28 08:00:20",32.206708,-111.048642
"311",311,"Minnie","2021-04-28 14:00:13",32.207573,-111.038466
"312",312,"Minnie","2021-04-28 21:00:24",32.204378,-111.040405
"313",313,"Minnie","2021-04-29 03:00:14",32.204227,-111.040385
"314",314,"Minnie","2021-04-29 09:00:10",32.202107,-111.0331
"315",315,"Minnie","2021-04-30 10:00:07",32.207555,-111.037551
"316",316,"Minnie","2021-04-30 16:00:09",32.205601,-111.041979
"317",317,"Minnie","2021-04-30 23:00:10",32.203025,-111.039933
"318",318,"Minnie","2021-05-01 11:00:08",32.197738,-111.034133
"319",319,"Minnie","2021-05-01 17:00:22",32.20482,-111.035163
"320",320,"Minnie","2021-05-02 00:00:12",32.203342,-111.037205
"321",321,"Minnie","2021-05-02 12:00:26",32.207995,-111.037466
"322",322,"Minnie","2021-05-02 18:00:10",32.202002,-111.036467
"323",323,"Minnie","2021-05-03 07:00:12",32.20326,-111.034152
"324",324,"Minnie","2021-05-03 13:00:08",32.211071,-111.043178
"325",325,"Minnie","2021-05-04 08:00:15",32.201797,-111.034654
"326",326,"Minnie","2021-05-04 14:00:19",32.201755,-111.034745
"327",327,"Minnie","2021-05-04 20:00:17",32.208799,-111.044245
"328",328,"Minnie","2021-05-05 09:00:25",32.214013,-111.046242
"329",329,"Minnie","2021-05-05 15:00:07",32.210757,-111.041765
"330",330,"Minnie","2021-05-05 21:00:15",32.203784,-111.036865
"331",331,"Minnie","2021-05-06 10:00:09",32.201229,-111.036894
"332",332,"Minnie","2021-05-06 16:00:10",32.2082,-111.040656
"333",333,"Minnie","2021-05-06 22:00:12",32.20318,-111.0399
"334",334,"Minnie","2021-05-07 11:00:09",32.210502,-111.046171
"335",335,"Minnie","2021-05-07 15:00:49",32.209323,-111.048598
"336",336,"Minnie","2021-05-07 17:00:21",32.212296,-111.043904
"337",337,"Minnie","2021-05-07 23:00:10",32.203407,-111.039818
"338",338,"Minnie","2021-05-08 12:00:25",32.206886,-111.044932
"339",339,"Minnie","2021-05-08 18:00:20",32.205127,-111.036554
"340",340,"Minnie","2021-05-09 07:00:08",32.202762,-111.03731
"341",341,"Minnie","2021-05-09 13:00:09",32.202127,-111.033443
"342",342,"Minnie","2021-05-09 19:00:12",32.206494,-111.039626
"343",343,"Minnie","2021-05-10 08:00:24",32.20822,-111.040774
"344",344,"Minnie","2021-05-10 14:00:15",32.213638,-111.055236
"345",345,"Minnie","2021-05-10 20:00:25",32.205661,-111.036297
"346",346,"Minnie","2021-05-11 02:00:13",32.205619,-111.036287
"347",347,"Minnie","2021-05-11 09:00:11",32.201306,-111.033408
"348",348,"Minnie","2021-05-11 15:00:09",32.203653,-111.033478
"349",349,"Minnie","2021-05-11 21:00:11",32.20367,-111.036883
"350",350,"Minnie","2021-05-12 03:00:22",32.20565,-111.036112
"351",351,"Minnie","2021-05-12 10:00:13",32.207673,-111.041033
"352",352,"Minnie","2021-05-12 16:00:09",32.215142,-111.048842
"353",353,"Minnie","2021-05-13 04:00:14",32.215481,-111.048812
"354",354,"Minnie","2021-05-13 11:00:11",32.212349,-111.046989
"355",355,"Minnie","2021-05-13 17:00:14",32.202228,-111.038526
"356",356,"Minnie","2021-05-14 12:00:14",32.206484,-111.04992
"357",357,"Minnie","2021-05-14 18:00:13",32.208402,-111.041005
"358",358,"Minnie","2021-05-14 19:01:29",32.204495,-111.040358
"359",359,"Minnie","2021-05-15 13:00:17",32.199506,-111.033575
"360",360,"Minnie","2021-05-15 19:00:25",32.207831,-111.039053
"361",361,"Minnie","2021-05-16 14:00:22",32.21029,-111.046186
"362",362,"Minnie","2021-05-17 08:00:11",32.207511,-111.037368
"363",363,"Minnie","2021-05-17 15:00:08",32.202379,-111.037488
"364",364,"Minnie","2021-05-17 21:00:13",32.211583,-111.045639
"365",365,"Minnie","2021-05-18 09:00:12",32.212812,-111.049198
"366",366,"Minnie","2021-05-18 16:00:12",32.208204,-111.040606
"367",367,"Minnie","2021-05-19 04:00:13",32.207491,-111.037696
"368",368,"Minnie","2021-05-19 10:00:12",32.207227,-111.047006
"369",369,"Minnie","2021-05-19 17:00:14",32.216183,-111.054175
"370",370,"Minnie","2021-05-19 23:00:10",32.209276,-111.049495
"371",371,"Minnie","2021-05-20 11:00:17",32.210688,-111.041679
"372",372,"Minnie","2021-05-20 18:00:11",32.205369,-111.034316
"373",373,"Minnie","2021-05-21 00:00:16",32.20771,-111.038773
"374",374,"Minnie","2021-05-21 12:00:08",32.205723,-111.050631
"375",375,"Minnie","2021-05-21 23:00:59",32.203401,-111.041903
"376",376,"Minnie","2021-05-22 01:00:12",32.20324,-111.041919
"377",377,"Minnie","2021-05-22 07:00:10",32.202251,-111.039512
"378",378,"Minnie","2021-05-22 13:00:16",32.206909,-111.036544
"379",379,"Minnie","2021-05-22 20:00:25",32.216618,-111.049588
"380",380,"Minnie","2021-05-23 02:00:24",32.216586,-111.04959
"381",381,"Minnie","2021-05-23 08:00:09",32.210992,-111.049524
"382",382,"Minnie","2021-05-23 21:00:25",32.203576,-111.041894
"383",383,"Minnie","2021-05-24 09:00:10",32.201065,-111.038035
"384",384,"Minnie","2021-05-24 15:00:08",32.202069,-111.035476
"385",385,"Minnie","2021-05-25 10:00:11",32.207433,-111.048243
"386",386,"Minnie","2021-05-25 16:00:11",32.20851,-111.054104
"387",387,"Minnie","2021-05-26 05:00:26",32.207549,-111.045438
"388",388,"Minnie","2021-05-26 11:00:27",32.209808,-111.040773
"389",389,"Minnie","2021-05-26 17:00:09",32.205994,-111.040378
"390",390,"Minnie","2021-05-27 00:00:11",32.205662,-111.036163
"391",391,"Minnie","2021-05-27 06:00:19",32.19525,-111.038045
"392",392,"Minnie","2021-05-27 12:00:09",32.199851,-111.034225
"393",393,"Minnie","2021-05-27 18:00:11",32.21024,-111.042074
"394",394,"Minnie","2021-05-28 01:00:23",32.204253,-111.040608
"395",395,"Minnie","2021-05-28 07:00:11",32.20866,-111.03843
"396",396,"Minnie","2021-05-28 13:00:08",32.211634,-111.048293
"397",397,"Minnie","2021-05-28 19:00:19",32.205626,-111.036244
"398",398,"Minnie","2021-05-29 02:00:24",32.205648,-111.036148
"399",399,"Minnie","2021-05-29 03:01:14",32.205654,-111.036184
"400",400,"Minnie","2021-05-29 14:00:23",32.210093,-111.044391
"401",401,"Minnie","2021-05-29 20:00:19",32.215315,-111.049861
"402",402,"Minnie","2021-05-30 09:00:16",32.213561,-111.048476
"403",403,"Minnie","2021-05-30 15:00:10",32.207254,-111.053353
"404",404,"Minnie","2021-05-30 21:00:14",32.205647,-111.036202
"405",405,"Minnie","2021-05-31 10:00:10",32.201572,-111.034352
"406",406,"Minnie","2021-05-31 16:00:09",32.208636,-111.038223
"407",407,"Minnie","2021-05-31 22:00:16",32.203545,-111.037319
"408",408,"Minnie","2021-06-01 05:00:17",32.205637,-111.036031
"409",409,"Minnie","2021-06-01 11:00:13",32.209216,-111.044325
"410",410,"Minnie","2021-06-01 17:00:08",32.208649,-111.047018
"411",411,"Minnie","2021-06-01 23:00:16",32.205624,-111.036413
"412",412,"Minnie","2021-06-02 12:00:14",32.212444,-111.044258
"413",413,"Minnie","2021-06-02 18:00:07",32.215209,-111.047073
"414",414,"Minnie","2021-06-03 07:00:13",32.21195,-111.045749
"415",415,"Minnie","2021-06-03 13:00:14",32.210052,-111.042232
"416",416,"Minnie","2021-06-03 19:00:10",32.204623,-111.0367
"417",417,"Minnie","2021-06-04 08:00:11",32.201523,-111.038134
"418",418,"Minnie","2021-06-04 14:00:13",32.210557,-111.046235
"419",419,"Minnie","2021-06-04 20:00:12",32.207843,-111.039136
"420",420,"Minnie","2021-06-05 07:01:07",32.205836,-111.037976
"421",421,"Minnie","2021-06-05 09:00:09",32.207744,-111.041489
"422",422,"Minnie","2021-06-05 15:00:17",32.211843,-111.048007
"423",423,"Minnie","2021-06-05 21:00:11",32.205561,-111.036312
"424",424,"Minnie","2021-06-06 03:00:25",32.205647,-111.03614
"425",425,"Minnie","2021-06-06 10:00:13",32.20777,-111.038628
"426",426,"Minnie","2021-06-06 16:00:08",32.210897,-111.048566
"427",427,"Minnie","2021-06-06 22:00:25",32.215585,-111.048788
"428",428,"Minnie","2021-06-07 11:00:12",32.207611,-111.039214
"429",429,"Minnie","2021-06-08 18:00:20",32.212009,-111.044315
"430",430,"Minnie","2021-06-09 06:00:25",32.205758,-111.036929
"431",431,"Minnie","2021-06-09 13:00:09",32.204264,-111.033548
"432",432,"Minnie","2021-06-09 19:00:25",32.205598,-111.036439
"433",433,"Minnie","2021-06-10 01:00:19",32.205636,-111.036319
"434",434,"Minnie","2021-06-10 14:00:11",32.210524,-111.042177
"435",435,"Minnie","2021-06-10 20:00:17",32.208939,-111.048614
"436",436,"Minnie","2021-06-11 15:00:13",32.21589,-111.048835
"437",437,"Minnie","2021-06-11 21:00:09",32.205588,-111.036328
"438",438,"Minnie","2021-06-12 09:00:15",32.203469,-111.034105
"439",439,"Minnie","2021-06-12 11:00:50",32.202103,-111.032955
"440",440,"Minnie","2021-06-12 16:00:18",32.205629,-111.036586
"441",441,"Minnie","2021-06-12 22:00:16",32.205668,-111.036391
"442",442,"Minnie","2021-06-13 04:00:19",32.20551,-111.036284
"443",443,"Minnie","2021-06-13 10:00:11",32.211705,-111.045457
"444",444,"Minnie","2021-06-13 17:00:15",32.20481,-111.038217
"445",445,"Minnie","2021-06-13 23:00:21",32.205707,-111.036375
"446",446,"Minnie","2021-06-14 11:00:17",32.208207,-111.040085
"447",447,"Minnie","2021-06-14 18:00:12",32.211518,-111.048076
"448",448,"Minnie","2021-06-15 00:00:16",32.211692,-111.047905
"449",449,"Minnie","2021-06-15 12:00:17",32.21168,-111.048048
"450",450,"Minnie","2021-06-16 13:00:07",32.203071,-111.033804
"451",451,"Minnie","2021-06-16 20:00:17",32.205448,-111.036415
"452",452,"Minnie","2021-06-17 02:00:17",32.205561,-111.036325
"453",453,"Minnie","2021-06-17 08:00:17",32.20523,-111.037063
"454",454,"Minnie","2021-06-17 14:00:09",32.214789,-111.050319
"455",455,"Minnie","2021-06-17 21:00:09",32.205683,-111.036244
"456",456,"Minnie","2021-06-18 09:00:17",32.20329,-111.0343
"457",457,"Minnie","2021-06-18 15:00:10",32.204258,-111.039372
"458",458,"Minnie","2021-06-19 10:00:12",32.203514,-111.033255
"459",459,"Minnie","2021-06-19 15:01:31",32.207982,-111.041377
"460",460,"Minnie","2021-06-19 16:00:06",32.211067,-111.044045
"461",461,"Minnie","2021-06-19 23:00:13",32.214288,-111.048626
"462",462,"Minnie","2021-06-20 11:00:09",32.211209,-111.051011
"463",463,"Minnie","2021-06-20 17:00:25",32.208923,-111.040807
"464",464,"Minnie","2021-06-21 00:00:16",32.205741,-111.036274
"465",465,"Minnie","2021-06-21 12:00:12",32.208273,-111.039864
"466",466,"Minnie","2021-06-21 18:00:15",32.205241,-111.034611
"467",467,"Minnie","2021-06-22 01:00:25",32.205614,-111.036368
"468",468,"Minnie","2021-06-22 13:00:10",32.202492,-111.034637
"469",469,"Minnie","2021-06-23 14:00:11",32.209971,-111.041951
"470",470,"Minnie","2021-06-23 20:00:21",32.212626,-111.044973
"471",471,"Minnie","2021-06-24 09:00:11",32.212634,-111.047159
"472",472,"Minnie","2021-06-24 15:00:24",32.207378,-111.046923
"473",473,"Minnie","2021-06-24 21:00:12",32.211523,-111.046216
"474",474,"Minnie","2021-06-25 10:00:08",32.211942,-111.043938
"475",475,"Minnie","2021-06-25 22:00:22",32.205678,-111.036164
"476",476,"Minnie","2021-06-26 11:00:11",32.201686,-111.031521
"477",477,"Minnie","2021-06-26 17:00:12",32.208382,-111.041001
"478",478,"Minnie","2021-06-26 19:02:40",32.212842,-111.046087
"479",479,"Minnie","2021-06-26 23:00:10",32.212161,-111.045099
"480",480,"Minnie","2021-06-27 12:00:12",32.204208,-111.044252
"481",481,"Minnie","2021-06-27 18:00:09",32.205343,-111.037374
"482",482,"Minnie","2021-06-28 00:00:26",32.205561,-111.036179
"483",483,"Minnie","2021-06-28 07:00:25",32.205828,-111.035944
"484",484,"Minnie","2021-06-28 13:00:14",32.201476,-111.036983
"485",485,"Minnie","2021-06-28 19:00:19",32.205548,-111.036245
"486",486,"Minnie","2021-06-29 01:00:18",32.205587,-111.036365
"487",487,"Minnie","2021-06-29 08:00:16",32.207418,-111.038193
"488",488,"Minnie","2021-06-29 14:00:08",32.210974,-111.042726
"489",489,"Minnie","2021-06-29 20:00:08",32.21736,-111.054028
"490",490,"Minnie","2021-06-30 09:00:10",32.21237,-111.046846
"491",491,"Minnie","2021-06-30 15:00:17",32.21112,-111.044275
"492",492,"Minnie","2021-07-01 03:00:19",32.205504,-111.036246
"493",493,"Minnie","2021-07-01 10:00:12",32.201828,-111.033185
"494",494,"Minnie","2021-07-01 16:00:08",32.203368,-111.039946
"495",495,"Minnie","2021-07-02 04:00:23",32.205604,-111.036335
"496",496,"Minnie","2021-07-02 11:00:09",32.209943,-111.0438
"497",497,"Minnie","2021-07-02 17:00:12",32.213591,-111.051905
"498",498,"Minnie","2021-07-03 12:00:09",32.203618,-111.035809
"499",499,"Minnie","2021-07-03 18:00:16",32.204936,-111.037546
"500",500,"Minnie","2021-07-03 23:03:01",32.205525,-111.036356
"501",501,"Minnie","2021-07-04 06:00:17",32.20771,-111.040295
"502",502,"Minnie","2021-07-04 13:00:12",32.212145,-111.047669
"503",503,"Minnie","2021-07-04 19:00:10",32.210966,-111.05077
"504",504,"Minnie","2021-07-05 01:00:16",32.209225,-111.049503
"505",505,"Minnie","2021-07-05 14:00:11",32.208616,-111.047706
"506",506,"Minnie","2021-07-06 08:00:21",32.212604,-111.045529
"507",507,"Minnie","2021-07-06 15:00:11",32.204118,-111.040233
"508",508,"Minnie","2021-07-06 21:00:11",32.205723,-111.036233
"509",509,"Minnie","2021-07-07 03:00:12",32.205521,-111.036264
"510",510,"Minnie","2021-07-07 09:00:13",32.207737,-111.037604
"511",511,"Minnie","2021-07-07 16:00:19",32.203765,-111.038625
"512",512,"Minnie","2021-07-07 22:00:08",32.205552,-111.036366
"513",513,"Minnie","2021-07-08 10:00:12",32.212098,-111.040295
"514",514,"Minnie","2021-07-08 17:00:09",32.208603,-111.049477
"515",515,"Minnie","2021-07-09 11:00:14",32.203524,-111.038266
"516",516,"Minnie","2021-07-09 18:00:12",32.203437,-111.035377
"517",517,"Minnie","2021-07-10 00:00:11",32.205625,-111.036296
"518",518,"Minnie","2021-07-10 12:00:08",32.213287,-111.047734
"519",519,"Minnie","2021-07-10 19:00:09",32.207164,-111.039499
"520",520,"Minnie","2021-07-11 01:00:20",32.205537,-111.037149
"521",521,"Minnie","2021-07-11 13:00:13",32.201064,-111.037257
"522",522,"Minnie","2021-07-11 20:00:14",32.205357,-111.039407
"523",523,"Minnie","2021-07-12 14:00:14",32.214864,-111.055761
"524",524,"Minnie","2021-07-13 15:00:18",32.202269,-111.0331
"525",525,"Minnie","2021-07-14 04:00:09",32.204914,-111.036181
"526",526,"Minnie","2021-07-14 10:00:09",32.207607,-111.040939
"527",527,"Minnie","2021-07-14 16:00:09",32.207159,-111.050328
"528",528,"Minnie","2021-07-15 11:00:13",32.204377,-111.033529
"529",529,"Minnie","2021-07-15 17:00:10",32.212479,-111.050645
"530",530,"Minnie","2021-07-16 12:00:06",32.215036,-111.046269
"531",531,"Minnie","2021-07-16 18:00:06",32.207537,-111.044216
"532",532,"Minnie","2021-07-17 07:00:13",32.202629,-111.036956
"533",533,"Minnie","2021-07-17 13:00:11",32.210027,-111.042022
"534",534,"Minnie","2021-07-17 19:00:16",32.215667,-111.048925
"535",535,"Minnie","2021-07-18 07:00:48",32.215181,-111.054702
"536",536,"Minnie","2021-07-18 08:00:09",32.213933,-111.051243
"537",537,"Minnie","2021-07-18 14:00:13",32.21072,-111.056139
"538",538,"Minnie","2021-07-19 03:00:14",32.207949,-111.040555
"539",539,"Minnie","2021-07-19 09:00:12",32.210499,-111.047028
"540",540,"Minnie","2021-07-19 15:00:07",32.208241,-111.051029
"541",541,"Minnie","2021-07-20 04:00:22",32.205808,-111.036039
"542",542,"Minnie","2021-07-20 10:00:18",32.203437,-111.032804
"543",543,"Minnie","2021-07-20 16:00:13",32.208376,-111.037967
"544",544,"Minnie","2021-07-22 12:00:13",32.205904,-111.037586
"545",545,"Minnie","2021-07-22 18:00:07",32.206814,-111.038833
"546",546,"Minnie","2021-07-23 13:00:11",32.20317,-111.03984
"547",547,"Minnie","2021-07-23 19:00:09",32.206798,-111.038231
"548",548,"Minnie","2021-07-24 01:00:25",32.205755,-111.035955
"549",549,"Minnie","2021-07-24 08:00:24",32.208012,-111.038831
"550",550,"Minnie","2021-07-24 14:00:12",32.211316,-111.055799
"551",551,"Minnie","2021-07-24 20:00:11",32.212455,-111.046392
"552",552,"Minnie","2021-07-25 02:00:10",32.206838,-111.047652
"553",553,"Minnie","2021-07-25 09:00:15",32.205278,-111.048804
"554",554,"Minnie","2021-07-25 11:00:38",32.205332,-111.048791
"555",555,"Minnie","2021-07-25 15:00:09",32.20605,-111.04485
"556",556,"Minnie","2021-07-26 03:00:08",32.203124,-111.036689
"557",557,"Minnie","2021-07-26 10:00:10",32.199973,-111.034731
"558",558,"Minnie","2021-07-26 16:00:11",32.211239,-111.04762
"559",559,"Minnie","2021-07-27 11:00:09",32.20724,-111.037957
"560",560,"Minnie","2021-07-27 17:00:07",32.212818,-111.046923
"561",561,"Minnie","2021-07-27 23:00:20",32.215659,-111.048855
"562",562,"Minnie","2021-07-28 12:00:10",32.206143,-111.044913
"563",563,"Minnie","2021-07-28 18:00:09",32.20178,-111.036702
"564",564,"Minnie","2021-07-29 00:00:11",32.203419,-111.036631
"565",565,"Minnie","2021-07-29 06:00:13",32.203115,-111.03645
"566",566,"Minnie","2021-07-29 13:00:09",32.213538,-111.054313
"567",567,"Minnie","2021-07-29 19:00:08",32.206428,-111.038628
"568",568,"Minnie","2021-07-30 07:00:18",32.207338,-111.038281
"569",569,"Minnie","2021-07-30 14:00:17",32.20593,-111.051836
"570",570,"Minnie","2021-07-30 20:00:16",32.205804,-111.03609
"571",571,"Minnie","2021-07-31 15:00:13",32.199875,-111.039918
"572",572,"Minnie","2021-08-01 03:00:24",32.203428,-111.036606
"573",573,"Minnie","2021-08-01 09:00:06",32.203598,-111.036919
"574",574,"Minnie","2021-08-01 15:00:55",32.216232,-111.051087
"575",575,"Minnie","2021-08-01 16:00:03",32.215917,-111.049053
"576",576,"Minnie","2021-08-02 10:00:20",32.207291,-111.041496
"577",577,"Minnie","2021-08-02 17:00:12",32.214107,-111.046428
"578",578,"Minnie","2021-08-03 11:00:09",32.204453,-111.040013
"579",579,"Minnie","2021-08-03 18:00:08",32.20316,-111.033406
"580",580,"Minnie","2021-08-04 00:00:14",32.205666,-111.036016
"581",581,"Minnie","2021-08-04 06:00:24",32.205758,-111.035978
"582",582,"Minnie","2021-08-04 12:00:18",32.213101,-111.047526
"583",583,"Minnie","2021-08-04 19:00:20",32.214397,-111.047294
"584",584,"Minnie","2021-08-05 01:00:21",32.215701,-111.04888
"585",585,"Minnie","2021-08-05 13:00:12",32.207578,-111.044353
"586",586,"Minnie","2021-08-06 08:00:11",32.20308,-111.034078
"587",587,"Minnie","2021-08-06 14:00:24",32.202257,-111.033854
"588",588,"Minnie","2021-08-07 09:00:08",32.21456,-111.050415
"589",589,"Minnie","2021-08-07 15:00:10",32.212588,-111.045888
"590",590,"Minnie","2021-08-08 04:00:24",32.205777,-111.036015
"591",591,"Minnie","2021-08-08 10:00:10",32.207287,-111.037169
"592",592,"Minnie","2021-08-08 16:00:13",32.211015,-111.043144
"593",593,"Minnie","2021-08-08 19:01:23",32.205697,-111.037536
"594",594,"Minnie","2021-08-08 23:00:21",32.205615,-111.036143
"595",595,"Minnie","2021-08-09 11:00:13",32.213449,-111.046323
"596",596,"Minnie","2021-08-09 17:00:10",32.208501,-111.055683
"597",597,"Minnie","2021-08-10 00:00:11",32.209217,-111.05589
"598",598,"Minnie","2021-08-10 12:00:23",32.213213,-111.04628
"599",599,"Minnie","2021-08-10 18:00:17",32.20368,-111.037309
"600",600,"Minnie","2021-08-11 01:00:15",32.203374,-111.036541
"601",601,"Minnie","2021-08-11 07:00:09",32.203238,-111.036421
"602",602,"Minnie","2021-08-11 13:00:09",32.202546,-111.033369
"603",603,"Minnie","2021-08-12 02:00:25",32.204973,-111.040852
"604",604,"Minnie","2021-08-12 08:00:16",32.205911,-111.048808
"605",605,"Minnie","2021-08-12 14:00:20",32.215491,-111.051263
"606",606,"Minnie","2021-08-12 20:00:25",32.205736,-111.036203
"607",607,"Minnie","2021-08-13 09:00:26",32.214404,-111.046304
"608",608,"Minnie","2021-08-13 15:00:13",32.212006,-111.047828
"609",609,"Minnie","2021-08-14 04:00:17",32.214865,-111.048322
"610",610,"Minnie","2021-08-14 10:00:11",32.213854,-111.046617
"611",611,"Minnie","2021-08-14 16:00:13",32.209416,-111.050075
"612",612,"Minnie","2021-08-14 22:00:16",32.204957,-111.036991
"613",613,"Minnie","2021-08-15 05:00:15",32.202732,-111.035735
"614",614,"Minnie","2021-08-15 11:00:25",32.202908,-111.0358
"615",615,"Minnie","2021-08-15 17:00:10",32.212279,-111.043439
"616",616,"Minnie","2021-08-15 23:00:45",32.211222,-111.05643
"617",617,"Minnie","2021-08-16 12:00:15",32.215066,-111.048972
"618",618,"Minnie","2021-08-17 07:00:12",32.203514,-111.032947
"619",619,"Minnie","2021-08-17 13:00:14",32.203019,-111.03671
"620",620,"Minnie","2021-08-17 19:00:09",32.20781,-111.046798
"621",621,"Minnie","2021-08-18 01:00:07",32.207471,-111.049458
"622",622,"Minnie","2021-08-18 08:00:10",32.212687,-111.044883
"623",623,"Minnie","2021-08-18 14:00:09",32.202342,-111.045174
"624",624,"Minnie","2021-08-19 02:00:14",32.205749,-111.036002
"625",625,"Minnie","2021-08-19 09:00:09",32.207743,-111.039025
"626",626,"Minnie","2021-08-19 15:00:21",32.212253,-111.04664
"627",627,"Minnie","2021-08-19 21:00:20",32.21568,-111.04885
"628",628,"Minnie","2021-08-20 10:00:13",32.206859,-111.046134
"629",629,"Minnie","2021-08-20 16:00:10",32.20077,-111.040944
"630",630,"Minnie","2021-08-21 04:00:24",32.20339,-111.036563
"631",631,"Minnie","2021-08-21 11:00:16",32.208872,-111.038717
"632",632,"Minnie","2021-08-21 17:00:07",32.210954,-111.043808
"633",633,"Minnie","2021-08-22 12:00:12",32.212246,-111.046924
"634",634,"Minnie","2021-08-22 18:00:11",32.205507,-111.044198
"635",635,"Minnie","2021-08-23 03:01:55",32.203626,-111.037086
"636",636,"Minnie","2021-08-23 13:00:12",32.204528,-111.036229
"637",637,"Minnie","2021-08-23 19:00:09",32.208846,-111.052555
"638",638,"Minnie","2021-08-24 07:00:25",32.209783,-111.051903
"639",639,"Minnie","2021-08-24 14:00:09",32.213488,-111.046376
"640",640,"Minnie","2021-08-24 20:00:15",32.215623,-111.048864
"641",641,"Minnie","2021-08-25 02:00:20",32.215681,-111.048861
"642",642,"Minnie","2021-08-25 08:00:07",32.211845,-111.04701
"643",643,"Minnie","2021-08-25 15:00:08",32.210014,-111.041983
"644",644,"Minnie","2021-08-26 09:00:08",32.209811,-111.043223
"645",645,"Minnie","2021-08-26 22:00:13",32.205737,-111.036057
"646",646,"Minnie","2021-08-27 10:00:12",32.212838,-111.040773
"647",647,"Minnie","2021-08-27 23:00:22",32.21561,-111.048812
"648",648,"Minnie","2021-08-28 11:00:08",32.211022,-111.050511
"649",649,"Minnie","2021-08-28 18:00:13",32.205826,-111.036109
"650",650,"Minnie","2021-08-29 06:00:16",32.204859,-111.035419
"651",651,"Minnie","2021-08-29 12:00:21",32.196969,-111.03678
"652",652,"Minnie","2021-08-29 19:00:09",32.203058,-111.036522
"653",653,"Minnie","2021-08-30 07:00:49",32.200214,-111.036635
"654",654,"Minnie","2021-08-30 13:00:11",32.211442,-111.046257
"655",655,"Minnie","2021-08-30 20:00:17",32.205764,-111.036037
"656",656,"Minnie","2021-08-31 08:00:11",32.207776,-111.039425
"657",657,"Minnie","2021-08-31 14:00:09",32.200441,-111.037697
"658",658,"Minnie","2021-09-01 09:00:13",32.215,-111.050349
"659",659,"Minnie","2021-09-01 15:00:08",32.213304,-111.051476
"660",660,"Minnie","2021-09-01 22:00:20",32.209169,-111.055721
"661",661,"Minnie","2021-09-02 10:00:11",32.206343,-111.045567
"662",662,"Minnie","2021-09-02 16:00:09",32.212779,-111.044278
"663",663,"Minnie","2021-09-03 11:00:13",32.211081,-111.047617
"664",664,"Minnie","2021-09-03 17:00:14",32.197638,-111.036302
"665",665,"Minnie","2021-09-04 06:00:11",32.210409,-111.041745
"666",666,"Minnie","2021-09-04 12:00:20",32.214087,-111.049952
"667",667,"Minnie","2021-09-04 18:00:09",32.210176,-111.048823
"668",668,"Minnie","2021-09-05 07:00:10",32.209516,-111.050952
"669",669,"Minnie","2021-09-05 13:00:10",32.212007,-111.046143
"670",670,"Minnie","2021-09-05 19:00:14",32.205793,-111.03601
"671",671,"Minnie","2021-09-06 08:00:11",32.200819,-111.034834
"672",672,"Minnie","2021-09-06 11:00:49",32.198101,-111.033384
"673",673,"Minnie","2021-09-06 14:00:19",32.196969,-111.036475
"674",674,"Minnie","2021-09-06 20:00:07",32.206819,-111.047365
"675",675,"Minnie","2021-09-07 09:00:17",32.210156,-111.042241
"676",676,"Minnie","2021-09-07 15:00:08",32.209623,-111.041956
"677",677,"Minnie","2021-09-07 21:00:25",32.215796,-111.049358
"678",678,"Minnie","2021-09-08 10:00:06",32.213296,-111.046371
"679",679,"Minnie","2021-09-08 16:00:09",32.205589,-111.053465
"680",680,"Minnie","2021-09-09 11:00:15",32.203844,-111.034932
"681",681,"Minnie","2021-09-09 17:00:10",32.198668,-111.035836
"682",682,"Minnie","2021-09-10 12:00:16",32.198603,-111.035711
"683",683,"Minnie","2021-09-11 00:00:25",32.211376,-111.045236
"684",684,"Minnie","2021-09-11 13:00:08",32.214137,-111.055133
"685",685,"Minnie","2021-09-12 08:00:18",32.209841,-111.043131
"686",686,"Minnie","2021-09-12 14:00:13",32.202612,-111.043091
"687",687,"Minnie","2021-09-12 20:00:24",32.205799,-111.036044
"688",688,"Minnie","2021-09-13 09:00:17",32.206755,-111.041064
"689",689,"Minnie","2021-09-13 15:02:17",32.216404,-111.049789
"690",690,"Minnie","2021-09-13 21:00:21",32.211696,-111.045279
"691",691,"Minnie","2021-09-14 10:00:10",32.213462,-111.046435
"692",692,"Minnie","2021-09-14 16:00:10",32.20964,-111.050327
"693",693,"Minnie","2021-09-14 22:00:20",32.211746,-111.045271
"694",694,"Minnie","2021-09-15 04:00:19",32.211614,-111.045173
"695",695,"Minnie","2021-09-15 11:00:17",32.210499,-111.040821
"696",696,"Minnie","2021-09-15 17:00:09",32.196214,-111.037209
"697",697,"Minnie","2021-09-15 23:00:11",32.205069,-111.037547
"698",698,"Minnie","2021-09-16 12:00:10",32.204073,-111.039549
"699",699,"Minnie","2021-09-17 13:00:11",32.209322,-111.052513
"700",700,"Minnie","2021-09-18 07:00:11",32.212431,-111.044942
"701",701,"Minnie","2021-09-18 14:00:10",32.208742,-111.046544
"702",702,"Minnie","2021-09-18 20:00:17",32.20299,-111.037204
"703",703,"Minnie","2021-09-19 08:00:13",32.208044,-111.039307
"704",704,"Minnie","2021-09-19 15:00:12",32.196104,-111.037285
"705",705,"Minnie","2021-09-19 21:00:15",32.207875,-111.051405
"706",706,"Minnie","2021-09-20 03:00:25",32.209294,-111.049469
"707",707,"Minnie","2021-09-20 09:00:12",32.21055,-111.048066
"708",708,"Minnie","2021-09-20 16:00:09",32.210748,-111.042638
"709",709,"Minnie","2021-09-20 19:01:36",32.205171,-111.037697
"710",710,"Minnie","2021-09-20 22:00:26",32.205197,-111.037484
"711",711,"Minnie","2021-09-21 10:00:11",32.197372,-111.038704
"712",712,"Minnie","2021-09-21 17:00:10",32.200992,-111.042396
"713",713,"Minnie","2021-09-21 23:00:26",32.211777,-111.045296
"714",714,"Minnie","2021-09-22 11:00:24",32.211128,-111.047642
"715",715,"Minnie","2021-09-22 18:00:21",32.215719,-111.051011
"716",716,"Minnie","2021-09-23 00:00:22",32.215827,-111.049323
"717",717,"Minnie","2021-09-23 06:00:11",32.213724,-111.048441
"718",718,"Minnie","2021-09-23 12:00:10",32.213513,-111.046376
"719",719,"Minnie","2021-09-24 01:00:25",32.205128,-111.037577
"720",720,"Minnie","2021-09-24 07:00:18",32.203182,-111.039779
"721",721,"Minnie","2021-09-24 13:00:11",32.200931,-111.042051
"722",722,"Minnie","2021-09-24 20:00:11",32.211883,-111.045795
"723",723,"Minnie","2021-09-25 02:00:17",32.211916,-111.045794
"724",724,"Minnie","2021-09-25 08:00:12",32.212058,-111.049175
"725",725,"Minnie","2021-09-25 21:00:15",32.211886,-111.045637
"726",726,"Minnie","2021-09-26 03:00:19",32.211978,-111.045796
"727",727,"Minnie","2021-09-26 09:00:10",32.210573,-111.041184
"728",728,"Minnie","2021-09-26 15:00:20",32.205057,-111.035154
"729",729,"Minnie","2021-09-26 22:00:16",32.203321,-111.039602
"730",730,"Minnie","2021-09-27 04:00:24",32.207303,-111.046364
"731",731,"Minnie","2021-09-27 10:00:24",32.212357,-111.04642
"732",732,"Minnie","2021-09-27 23:02:24",32.214012,-111.048533
"733",733,"Minnie","2021-09-28 05:00:18",32.214044,-111.048514
"734",734,"Minnie","2021-09-28 11:00:17",32.212935,-111.045321
"735",735,"Minnie","2021-09-29 00:00:25",32.20509,-111.037733
"736",736,"Minnie","2021-09-29 06:00:12",32.207311,-111.037939
"737",737,"Minnie","2021-09-29 12:00:08",32.213222,-111.050003
"738",738,"Minnie","2021-09-30 07:00:21",32.209957,-111.046564
"739",739,"Minnie","2021-09-30 13:00:08",32.197647,-111.03737
"740",740,"Minnie","2021-09-30 19:00:09",32.203768,-111.036507
"741",741,"Minnie","2021-10-01 08:00:18",32.207245,-111.041305
"742",742,"Minnie","2021-10-01 14:00:11",32.213743,-111.047972
"743",743,"Minnie","2021-10-01 20:00:14",32.215789,-111.049339
"744",744,"Minnie","2021-10-02 03:00:15",32.21465,-111.046505
"745",745,"Minnie","2021-10-02 09:00:19",32.210745,-111.0417
"746",746,"Minnie","2021-10-02 15:00:09",32.202676,-111.034658
"747",747,"Minnie","2021-10-02 21:00:09",32.205061,-111.03757
"748",748,"Minnie","2021-10-03 10:00:13",32.208914,-111.038643
"749",749,"Minnie","2021-10-03 16:00:07",32.205151,-111.054216
"750",750,"Minnie","2021-10-04 05:00:08",32.210242,-111.05467
"751",751,"Minnie","2021-10-04 11:00:12",32.215761,-111.049347
"752",752,"Minnie","2021-10-04 17:00:10",32.207471,-111.040958
"753",753,"Minnie","2021-10-05 03:00:37",32.205096,-111.037644
"754",754,"Minnie","2021-10-05 06:00:14",32.203465,-111.037162
"755",755,"Minnie","2021-10-05 12:00:10",32.198517,-111.037607
"756",756,"Minnie","2021-10-05 18:00:08",32.207756,-111.040117
"757",757,"Minnie","2021-10-06 07:00:07",32.215118,-111.046688
"758",758,"Minnie","2021-10-06 13:00:11",32.211857,-111.049957
"759",759,"Minnie","2021-10-06 19:00:14",32.212332,-111.043734
"760",760,"Minnie","2021-10-07 01:00:15",32.21203,-111.046859
"761",761,"Minnie","2021-10-07 14:00:11",32.207881,-111.037018
"762",762,"Minnie","2021-10-07 20:00:27",32.205081,-111.037555
"763",763,"Minnie","2021-10-08 09:00:16",32.210122,-111.042681
"764",764,"Minnie","2021-10-08 15:00:12",32.212038,-111.047907
"765",765,"Minnie","2021-10-08 21:00:22",32.215943,-111.049405
"766",766,"Minnie","2021-10-09 10:00:09",32.211829,-111.04956
"767",767,"Minnie","2021-10-09 16:00:09",32.200846,-111.041483
"768",768,"Minnie","2021-10-09 22:00:13",32.205117,-111.037597
"769",769,"Minnie","2021-10-10 04:00:21",32.205089,-111.037615
"770",770,"Minnie","2021-10-10 11:00:18",32.20319,-111.032631
"771",771,"Minnie","2021-10-10 17:00:07",32.208823,-111.038512
"772",772,"Minnie","2021-10-11 05:00:12",32.215528,-111.048888
"773",773,"Minnie","2021-10-11 12:00:16",32.207766,-111.03758
"774",774,"Minnie","2021-10-11 18:00:07",32.206764,-111.038785
"775",775,"Minnie","2021-10-12 00:00:12",32.206781,-111.038752
